precision,recall,f1-score,support
0.6820276497695853,0.6192468619246861,0.6491228070175439,239.0
0.6513409961685823,0.7112970711297071,0.6799999999999999,239.0
0.6652719665271967,0.6652719665271967,0.6652719665271967,0.6652719665271967
0.6666843229690838,0.6652719665271967,0.6645614035087719,478.0
0.6666843229690838,0.6652719665271967,0.6645614035087719,478.0
