precision,recall,f1-score,support
0.6842105263157895,0.6527196652719666,0.6680942184154176,239.0
0.668,0.698744769874477,0.6830265848670757,239.0
0.6757322175732218,0.6757322175732218,0.6757322175732218,0.6757322175732218
0.6761052631578948,0.6757322175732218,0.6755604016412466,478.0
0.6761052631578948,0.6757322175732218,0.6755604016412466,478.0
