precision,recall,f1-score,support
0.7324561403508771,0.698744769874477,0.7152034261241969,239.0
0.712,0.7447698744769874,0.7280163599182005,239.0
0.7217573221757322,0.7217573221757322,0.7217573221757322,0.7217573221757322
0.7222280701754386,0.7217573221757322,0.7216098930211987,478.0
0.7222280701754386,0.7217573221757322,0.7216098930211987,478.0
