precision,recall,f1-score,support
0.6271676300578035,0.9079497907949791,0.7418803418803419,239.0
0.8333333333333334,0.4602510460251046,0.5929919137466306,239.0
0.6841004184100419,0.6841004184100419,0.6841004184100419,0.6841004184100419
0.7302504816955684,0.6841004184100419,0.6674361278134863,478.0
0.7302504816955685,0.6841004184100419,0.6674361278134864,478.0
