precision,recall,f1-score,support
0.6346153846153846,0.8284518828451883,0.7186932849364792,239.0
0.7530120481927711,0.5230125523012552,0.6172839506172839,239.0
0.6757322175732218,0.6757322175732218,0.6757322175732218,0.6757322175732218
0.6938137164040779,0.6757322175732218,0.6679886177768816,478.0
0.6938137164040777,0.6757322175732218,0.6679886177768815,478.0
