precision,recall,f1-score,support
0.7265917602996255,0.8117154811715481,0.766798418972332,239.0
0.7867298578199052,0.694560669456067,0.7377777777777778,239.0
0.7531380753138075,0.7531380753138075,0.7531380753138075,0.7531380753138075
0.7566608090597653,0.7531380753138075,0.7522880983750548,478.0
0.7566608090597654,0.7531380753138075,0.7522880983750548,478.0
