precision,recall,f1-score,support
0.7184873949579832,0.7154811715481172,0.7169811320754716,239.0
0.7166666666666667,0.7196652719665272,0.7181628392484343,239.0
0.7175732217573222,0.7175732217573222,0.7175732217573222,0.7175732217573222
0.7175770308123249,0.7175732217573222,0.7175719856619529,478.0
0.7175770308123249,0.7175732217573222,0.717571985661953,478.0
