precision,recall,f1-score,support
0.0,0.0,0.0,413.0
0.2871917263325378,1.0,0.446229913473424,361.0
0.0,0.0,0.0,483.0
0.2871917263325378,0.2871917263325378,0.2871917263325378,0.2871917263325378
0.09573057544417928,0.3333333333333333,0.14874330449114134,1257.0
0.08247908767386329,0.2871917263325378,0.1281535391916516,1257.0
