precision,recall,f1-score,support
0.6808510638297872,0.06625258799171843,0.12075471698113208,483.0
0.29338842975206614,0.9833795013850416,0.4519414385741566,361.0
0.0,0.0,0.0,413.0
0.30787589498806683,0.30787589498806683,0.30787589498806683,0.30787589498806683
0.32474649786061777,0.3498773631255867,0.19089871851842954,1257.0
0.3458745321959293,0.30787589498806683,0.1761936257972612,1257.0
