precision,recall,f1-score,support
0.0,0.0,0.0,361.0
0.32856006364359586,1.0,0.49461077844311374,413.0
0.0,0.0,0.0,483.0
0.32856006364359586,0.32856006364359586,0.32856006364359586,0.32856006364359586
0.10952002121453196,0.3333333333333333,0.16487025948103792,1257.0
0.10795171542148377,0.32856006364359586,0.16250934884407794,1257.0
