precision,recall,f1-score,support
0.38198198198198197,0.513317191283293,0.4380165289256198,413.0
0.5872781065088757,0.8219461697722568,0.6850733390854185,483.0
0.6153846153846154,0.0443213296398892,0.082687338501292,361.0
0.4972155926809865,0.4972155926809865,0.4972155926809865,0.4972155926809865
0.5282149012918244,0.45986156356514635,0.40192573550411015,1257.0
0.5278979555737404,0.4972155926809865,0.43090006238942286,1257.0
