precision,recall,f1-score,support
0.3858267716535433,0.3559322033898305,0.3702770780856423,413.0
0.5684830633284241,0.7991718426501035,0.6643717728055077,483.0
0.5126903553299492,0.27977839335180055,0.36200716845878134,361.0
0.5043754972155927,0.5043754972155927,0.5043754972155927,0.5043754972155927
0.4890000634373055,0.4782941464639115,0.46555200644997713,1257.0
0.49244629638397286,0.5043754972155927,0.4809073884869138,1257.0
