precision,recall,f1-score,support
0.40064102564102566,0.3026634382566586,0.3448275862068966,413.0
0.5046082949308756,0.906832298136646,0.6484085862324204,483.0
0.6493506493506493,0.13850415512465375,0.22831050228310504,361.0
0.48766905330151156,0.48766905330151156,0.48766905330151156,0.48766905330151156
0.5181999899741835,0.44933329717265275,0.40718222490747397,1257.0
0.5120176089554025,0.48766905330151156,0.42801529958465256,1257.0
