precision,recall,f1-score,support
0.86328125,0.35079365079365077,0.4988713318284424,630.0
0.17727272727272728,0.823943661971831,0.2917705735660848,142.0
0.0,0.0,0.0,144.0
0.36899563318777295,0.36899563318777295,0.36899563318777295,0.36899563318777295
0.34685132575757577,0.3915791042551606,0.26354730179817576,916.0
0.6212226143807066,0.36899563318777295,0.38834100491081086,916.0
