precision,recall,f1-score,support
0.0,0.0,0.0,144.0
0.15502183406113537,1.0,0.2684310018903592,142.0
0.0,0.0,0.0,630.0
0.15502183406113537,0.15502183406113537,0.15502183406113537,0.15502183406113537
0.05167394468704512,0.3333333333333333,0.08947700063011972,916.0
0.02403176903567819,0.15502183406113537,0.04161266623191157,916.0
