precision,recall,f1-score,support
0.20833333333333334,0.5985915492957746,0.3090909090909091,142.0
0.8176229508196722,0.6333333333333333,0.7137745974955277,630.0
0.45,0.0625,0.10975609756097562,144.0
0.5382096069868996,0.5382096069868996,0.5382096069868996,0.5382096069868996
0.4919854280510018,0.4314749608763693,0.3775405347158041,916.0
0.6653775025652039,0.5382096069868996,0.5560849165522621,916.0
