precision,recall,f1-score,support
0.20588235294117646,0.5422535211267606,0.29844961240310075,142.0
0.8075396825396826,0.6460317460317461,0.7178130511463844,630.0
0.42105263157894735,0.1111111111111111,0.1758241758241758,144.0
0.5458515283842795,0.5458515283842795,0.5458515283842795,0.5458515283842795
0.47815822235326877,0.4331321260898726,0.39736227979122035,916.0
0.6535118701583139,0.5458515283842795,0.5675990704171876,916.0
