precision,recall,f1-score,support
0.23098591549295774,0.5774647887323944,0.3299798792756539,142.0
0.7876984126984127,0.6301587301587301,0.7001763668430335,630.0
0.6140350877192983,0.24305555555555555,0.34825870646766166,144.0
0.5611353711790393,0.5611353711790393,0.5611353711790393,0.5611353711790393
0.5442398053035563,0.4835596914822267,0.4594716508621164,916.0
0.6740950356239944,0.5611353711790393,0.5874645280563289,916.0
