precision,recall,f1-score,support
0.23391812865497075,0.5633802816901409,0.3305785123966942,142.0
0.8098159509202454,0.6285714285714286,0.707774798927614,630.0
0.49411764705882355,0.2916666666666667,0.3668122270742358,144.0
0.5655021834061136,0.5655021834061136,0.5655021834061136,0.5655021834061136
0.5126172422113465,0.49453945897607876,0.46838851279951466,916.0
0.6709097865995972,0.5655021834061136,0.5957000357897569,916.0
