precision,recall,f1-score,support
0.24213836477987422,0.5422535211267606,0.33478260869565224,142.0
0.8082474226804124,0.6222222222222222,0.7031390134529149,630.0
0.48672566371681414,0.3819444444444444,0.4280155642023346,144.0
0.5720524017467249,0.5720524017467249,0.5720524017467249,0.5720524017467249
0.5123704837257003,0.5154733959311424,0.48864572878363394,916.0
0.6699432529067939,0.5720524017467249,0.6027848800821562,916.0
