precision,recall,f1-score,support
0.23738872403560832,0.5633802816901409,0.33402922755741127,142.0
0.8336933045356372,0.6126984126984127,0.706312900274474,630.0
0.4827586206896552,0.3888888888888889,0.43076923076923074,144.0
0.5698689956331878,0.5698689956331878,0.5698689956331878,0.5698689956331878
0.5179468830869669,0.5216558610924809,0.49037045286703873,916.0
0.6860843035478363,0.5698689956331878,0.6052838937956772,916.0
